mu1,mu2,mu3,sigma1,sigma2,sigma3,pi1,pi2,pi3
-0.18375391,0.05492784,-0.004888367,0.013162658,0.44814104,0.027503002,0.08580282,0.009199775,0.9049974
-0.18476899,0.054684296,-0.0049503557,0.013021953,0.44700408,0.02726835,0.08549049,0.009113075,0.90539646
-0.18548836,0.053825274,-0.0047934577,0.012728174,0.44616228,0.02675794,0.0845314,0.008907018,0.90656155
-0.18752483,0.053123966,-0.0048048645,0.011858836,0.44489318,0.025254143,0.08127806,0.008289716,0.9104322
-0.18763755,0.052773014,-0.0047198273,0.012117604,0.4439803,0.025701309,0.08253997,0.008486874,0.90897316
-0.18847859,0.050394073,-0.004228778,0.012055626,0.44151956,0.025567092,0.082877964,0.0084580155,0.90866405
-0.18612872,0.050647512,-0.0040006824,0.012420016,0.44377816,0.026178887,0.083915316,0.008691716,0.907393
-0.18639004,0.05109729,-0.0041900277,0.012429234,0.44357833,0.026198389,0.083977945,0.008701781,0.9073203
-0.18834977,0.049125567,-0.004013762,0.011961167,0.4408529,0.025377272,0.08268243,0.008385505,0.9089321
-0.18967822,0.047173396,-0.0036713071,0.011393184,0.4390964,0.02436607,0.08071549,0.007981877,0.9113026
-0.19053242,0.04683484,-0.0036867894,0.010870791,0.4388728,0.023443248,0.07851331,0.0076015014,0.9138852
-0.19217086,0.045849577,-0.0036779344,0.010623468,0.4367386,0.023003323,0.077870384,0.00744066,0.91468894
-0.19042195,0.047167674,-0.0038394667,0.0106046535,0.4398532,0.022975627,0.0771432,0.007398524,0.9154583
-0.19206546,0.048440114,-0.004334569,0.010293297,0.4392972,0.022445438,0.07580971,0.007186009,0.9170042
-0.19147834,0.04903449,-0.0044485405,0.010538776,0.44003886,0.022895012,0.07673487,0.0073620565,0.9159031
-0.18807149,0.051902547,-0.0046985373,0.011384147,0.4442697,0.02440463,0.079471365,0.007942497,0.91258615
-0.18894133,0.053315535,-0.005117204,0.011219954,0.44451475,0.02414257,0.07866613,0.007830892,0.91350293
-0.1889486,0.05361058,-0.005159043,0.011443877,0.44436997,0.024547294,0.079623066,0.00799967,0.9123773
-0.18595675,0.055251613,-0.005149752,0.012338929,0.44738418,0.026112393,0.08265657,0.008621168,0.9087223
-0.1848336,0.056314245,-0.005239889,0.012937644,0.4482882,0.027152374,0.08481849,0.0090494035,0.9061321
-0.183,0.057820454,-0.005411092,0.013362846,0.45088115,0.027892992,0.085882105,0.009332646,0.9047853
-0.18338652,0.0568337,-0.0052066706,0.014074157,0.4483607,0.029089795,0.08916944,0.009874417,0.90095615
-0.18597244,0.052234545,-0.004347395,0.013077191,0.44400558,0.027344279,0.08642587,0.009181595,0.90439254
-0.18539192,0.050713554,-0.0038463585,0.013040027,0.44356567,0.027241493,0.086447895,0.009145083,0.9044071
-0.1839025,0.051726595,-0.0040084086,0.013178169,0.44568887,0.027475188,0.08651682,0.009219314,0.90426385
-0.18397482,0.053908363,-0.0046684407,0.012803802,0.44773287,0.026866848,0.08452238,0.008936005,0.9065416
-0.1866471,0.05342175,-0.0049166493,0.012410985,0.44490737,0.026208105,0.08353052,0.008688564,0.90778095
-0.18628994,0.052507296,-0.00462503,0.012413737,0.4449005,0.026202038,0.08357917,0.008686458,0.9077344
-0.18663332,0.053078666,-0.004717935,0.012056395,0.44548228,0.025587799,0.0819829,0.008423085,0.909594
-0.18773638,0.053039566,-0.004837908,0.0119349845,0.44435242,0.025385814,0.08170453,0.008350329,0.9099452
-0.18854894,0.052993193,-0.0049208887,0.011367183,0.444636,0.024400128,0.07927512,0.00793669,0.9127882
-0.18664262,0.05440201,-0.004999239,0.012359775,0.44581476,0.026137758,0.083091915,0.008649701,0.9082584
-0.18438628,0.054777876,-0.004853826,0.013169458,0.44739193,0.02752378,0.08598241,0.00921747,0.9048002
-0.18333335,0.055168763,-0.0048096515,0.013556469,0.448177,0.028178733,0.08731116,0.009487499,0.90320134
-0.18371573,0.055239692,-0.0048881285,0.013294988,0.44823074,0.02773683,0.086283065,0.009298403,0.9044186
-0.18511525,0.055370703,-0.0050851516,0.012666985,0.4477853,0.026672091,0.08389134,0.0088523915,0.9072563
-0.18266186,0.05748166,-0.0053345226,0.013566956,0.4506014,0.028229944,0.08674377,0.009479134,0.9037771
-0.18235405,0.058290675,-0.0054916292,0.013822068,0.45110652,0.028676685,0.08757367,0.009663157,0.9027631
-0.18399653,0.05696775,-0.0053224564,0.013455596,0.44888145,0.028047692,0.08668644,0.009421907,0.9038916
-0.18343218,0.05586745,-0.004947502,0.013729997,0.4483546,0.028492559,0.08790285,0.0096191,0.9024781
-0.18220957,0.057057753,-0.0050780363,0.013616821,0.45084614,0.028304717,0.0869023,0.009509354,0.90358835
-0.17965305,0.060908273,-0.005781587,0.014519776,0.45501596,0.029874168,0.08924666,0.010127792,0.9006256
-0.18110071,0.060643688,-0.0059268735,0.014646649,0.4528881,0.030103646,0.09016623,0.010252028,0.89958173
-0.1812565,0.05860795,-0.005399525,0.014666714,0.45141557,0.030109247,0.09064553,0.010274196,0.8990803
-0.18063906,0.05824144,-0.005151838,0.014660071,0.45184866,0.030079326,0.09055088,0.010257507,0.8991916
-0.18066877,0.05862136,-0.005268872,0.014575723,0.45214596,0.029941432,0.09016102,0.010194103,0.89964485
-0.18111153,0.05882688,-0.005411897,0.01435952,0.4521293,0.029586334,0.08935264,0.010040822,0.9006066
-0.18123384,0.058949485,-0.0054668374,0.014376725,0.4520458,0.029619675,0.08942751,0.010055904,0.90051657
-0.1807785,0.05849816,-0.0053116605,0.014787088,0.4516095,0.030299062,0.09105748,0.010354313,0.8985882
-0.17966755,0.05813475,-0.0050969906,0.015172116,0.45210153,0.030925702,0.09237564,0.010619706,0.8970046
-0.18167475,0.0570326,-0.0050380267,0.014255007,0.45033,0.029382242,0.089428335,0.009976356,0.90059537
-0.18478331,0.055070654,-0.0049173124,0.013149165,0.44713044,0.027496671,0.08594164,0.009209303,0.904849
-0.18283042,0.055665508,-0.004853092,0.013673546,0.4489983,0.028384265,0.08756616,0.009565343,0.9028685
-0.18272582,0.055777684,-0.004888151,0.013890272,0.44872862,0.02875043,0.08844842,0.009725131,0.9018265
-0.18357924,0.054747596,-0.0047623403,0.013534358,0.4476552,0.028138092,0.08735252,0.009476121,0.90317136
-0.18401317,0.054470196,-0.004731722,0.013237168,0.4474379,0.027627824,0.086255714,0.009261668,0.90448266
-0.18499218,0.05418004,-0.0047826357,0.012892692,0.446656,0.027040169,0.08507178,0.0090212645,0.905907
-0.18491167,0.054554597,-0.0048774816,0.012784891,0.44724447,0.026860734,0.08450713,0.008938378,0.9065545
-0.18306313,0.05684699,-0.0052354746,0.0132552115,0.45020115,0.027688242,0.08565405,0.009253988,0.905092
-0.18526483,0.055929318,-0.005257979,0.013046196,0.44724205,0.02733637,0.085476585,0.009138812,0.90538454
-0.18494874,0.054664746,-0.00487978,0.012967854,0.44707903,0.027184114,0.085254684,0.009076828,0.9056685
-0.18364234,0.055519357,-0.004879959,0.013353115,0.44841805,0.02783991,0.08645664,0.009340604,0.90420276
-0.18478069,0.05501844,-0.0049235485,0.01305168,0.44723374,0.027326578,0.08554187,0.009135895,0.90532225
-0.18488076,0.054111853,-0.0047280975,0.013131934,0.44637215,0.027452197,0.08607471,0.009199347,0.9047259
-0.18465291,0.05339469,-0.0045197196,0.013150943,0.44610137,0.027469642,0.086239986,0.009210488,0.90454954
-0.18561184,0.052248612,-0.004360795,0.012860659,0.44462773,0.026959479,0.085445695,0.009011219,0.9055431
-0.18535838,0.051881924,-0.004271582,0.012783263,0.44482288,0.026817579,0.08511505,0.008948903,0.90593606
-0.18623808,0.0517049,-0.004351616,0.012408659,0.44428414,0.026173715,0.083722994,0.008682846,0.9075942
-0.18602122,0.05352761,-0.004822828,0.011966223,0.4467063,0.025431508,0.081355825,0.008344115,0.9103001
-0.18642937,0.05447258,-0.005096391,0.0124779595,0.44576886,0.026338328,0.083580755,0.008733891,0.90768534
-0.18675767,0.053050175,-0.0047754496,0.012300699,0.44497606,0.026020508,0.0830773,0.008609078,0.90831363
-0.18729779,0.052683726,-0.004646633,0.012044783,0.44447988,0.025569476,0.082146585,0.008426512,0.9094269
-0.18552302,0.054493442,-0.004904736,0.012377428,0.44723418,0.026159666,0.08287952,0.008643503,0.90847695
-0.1854547,0.055428997,-0.005139176,0.012723692,0.44724965,0.026772542,0.08422262,0.008900722,0.9068767
-0.18504237,0.055119887,-0.005026061,0.01290405,0.4473277,0.027080026,0.08493342,0.009029602,0.90603703
-0.18307994,0.056316033,-0.005057201,0.013486153,0.4494484,0.028076923,0.0867228,0.009428493,0.9038487
-0.18358627,0.056191817,-0.0050902143,0.0135419965,0.44860113,0.028174186,0.08711836,0.009479876,0.9034018
-0.18384936,0.055002227,-0.004836213,0.013536196,0.44753408,0.028149778,0.087370485,0.009482419,0.9031471
-0.18703453,0.052404657,-0.0045196004,0.0123722525,0.44402105,0.026134564,0.08358796,0.008669155,0.90774286
-0.18472758,0.05306925,-0.004430793,0.012969856,0.4461124,0.027153242,0.085538484,0.009076436,0.90538514
-0.18400699,0.054146186,-0.0046555474,0.013154625,0.4473005,0.027477788,0.08597856,0.009199877,0.9048216
-0.18618716,0.0522504,-0.0044968054,0.012848853,0.44391358,0.026944442,0.08554502,0.009012177,0.90544283
-0.1866767,0.051043883,-0.00423475,0.012166745,0.44391114,0.025752869,0.082834825,0.008509901,0.9086552
-0.18713251,0.051421538,-0.0043577366,0.012151795,0.44345728,0.025729686,0.08285158,0.0085054375,0.90864295
-0.1869797,0.051492706,-0.0044198707,0.0120735485,0.44394264,0.025597397,0.08242806,0.008443866,0.9091281
-0.18904734,0.05059828,-0.004421238,0.011510919,0.44193095,0.024617124,0.080512896,0.00805575,0.9114313
-0.18879522,0.05030276,-0.00432064,0.011535132,0.44204563,0.024655204,0.08060452,0.008070488,0.911325
-0.18766305,0.051364914,-0.0044370405,0.011761588,0.44363093,0.025055733,0.081202045,0.0082209,0.9105771
-0.18620728,0.05320908,-0.004747063,0.012209322,0.4457469,0.025851125,0.08255267,0.008530225,0.9089171
-0.18687911,0.053763047,-0.0049701184,0.012060906,0.44564384,0.025609324,0.0819388,0.008429366,0.9096318
-0.18658058,0.05478038,-0.0051651224,0.012028375,0.44685006,0.025567992,0.08152204,0.008398735,0.91007924
-0.18318473,0.057815686,-0.005488228,0.013264371,0.4507234,0.027722165,0.085537605,0.009261678,0.9052007
-0.18351692,0.058766738,-0.0057393983,0.01325365,0.4510515,0.027725285,0.0853825,0.009258619,0.90535885
-0.18216805,0.059805468,-0.005800534,0.013877377,0.4523874,0.02879873,0.08744334,0.009699244,0.9028575
-0.1833572,0.058415785,-0.0055376254,0.013839753,0.4500386,0.028723456,0.087848544,0.009696368,0.9024551
-0.18135646,0.057999566,-0.005178634,0.014446458,0.4512284,0.029725982,0.089900024,0.010112755,0.8999872
-0.18059532,0.05811365,-0.005114913,0.014783612,0.4515517,0.030281955,0.09107662,0.010348971,0.89857435
-0.18075305,0.057586864,-0.005061187,0.014710292,0.45111632,0.030151743,0.09092617,0.010297837,0.898776
-0.18064749,0.057607487,-0.005079031,0.014597312,0.45142806,0.029959999,0.09044341,0.010211,0.8993456
-0.18116623,0.05718513,-0.005064152,0.0145608345,0.4505102,0.029895121,0.09052496,0.010194447,0.8992806
-0.1832165,0.054928437,-0.0047540776,0.01389953,0.44759625,0.02876015,0.08875856,0.009742923,0.90149856
-0.18403861,0.05376388,-0.0045330897,0.013280778,0.4468855,0.027692592,0.08657104,0.009296187,0.9041328
-0.18459347,0.054051414,-0.004677415,0.01295346,0.44691598,0.02713725,0.08526706,0.009059956,0.905673
-0.18585223,0.053736225,-0.0047879517,0.012576279,0.44589517,0.026495093,0.083981715,0.008799422,0.9072189
-0.18470992,0.054100767,-0.004757814,0.013000136,0.44676825,0.027222248,0.08547771,0.00909688,0.9054254
-0.18556245,0.053544775,-0.0047044083,0.012727661,0.44583973,0.02675133,0.08460838,0.008908381,0.9064833
-0.186601,0.052311555,-0.0045162886,0.012485484,0.4442007,0.026323425,0.08401925,0.008746434,0.9072343
-0.18575278,0.052611485,-0.0044861026,0.01246909,0.44547805,0.026291395,0.083684415,0.0087189535,0.90759665
-0.18716362,0.052534476,-0.004634682,0.012110852,0.4443246,0.025678322,0.082458824,0.008473743,0.90906745
-0.18631557,0.05306758,-0.0047027804,0.01227644,0.44548172,0.025970254,0.08288122,0.008583086,0.9085357
-0.18504322,0.05427541,-0.0048413277,0.012781616,0.44683737,0.026849702,0.084590875,0.0089384,0.9064707
-0.18573888,0.05398263,-0.0048552826,0.012627951,0.44611838,0.02658816,0.0841328,0.008835839,0.90703136
-0.18557622,0.054265156,-0.0048852004,0.012532523,0.44672847,0.02642682,0.083614066,0.0087611005,0.9076248
-0.18470047,0.05565752,-0.0051129125,0.012790416,0.4482367,0.02688519,0.08427977,0.00893715,0.9067831
-0.18590167,0.054995313,-0.0050853007,0.012723295,0.4464633,0.026771765,0.08439612,0.008909155,0.9066947
-0.18527967,0.05428876,-0.004815068,0.012855733,0.44657835,0.026986068,0.08493061,0.008999036,0.9060703
-0.18365236,0.055116788,-0.004805118,0.013373102,0.44809088,0.027867746,0.086620584,0.009356248,0.90402323
-0.18420865,0.05522169,-0.004924804,0.013139265,0.4478987,0.02747419,0.08574265,0.009190774,0.9050666
-0.18317777,0.056092754,-0.005045384,0.013485118,0.44914716,0.028071642,0.086792275,0.009429622,0.9037781
-0.18440329,0.055387154,-0.0050096773,0.013241494,0.4475952,0.02765519,0.086195916,0.0092707155,0.9045334
-0.18400799,0.055171862,-0.0049003176,0.01322697,0.44801515,0.027624749,0.08606239,0.009253113,0.9046845
-0.18308316,0.056188002,-0.005030159,0.013501776,0.4492836,0.02809971,0.08682441,0.009440284,0.90373534
-0.18395981,0.05606331,-0.005118396,0.0132916225,0.44851685,0.027747866,0.08617172,0.009299189,0.9045291
-0.1845449,0.05573775,-0.0050958097,0.013015523,0.44814095,0.02727624,0.085180946,0.009103472,0.9057156
-0.18362673,0.056009904,-0.005040534,0.013496587,0.4485427,0.028095223,0.08696255,0.009447015,0.90359044
-0.18328942,0.055808797,-0.004954472,0.013579909,0.44868883,0.028231513,0.08726322,0.0095035145,0.9032333
-0.1837842,0.05536343,-0.0048965625,0.013433496,0.44800514,0.027977524,0.086860046,0.00940359,0.9037364
-0.18426499,0.054643407,-0.0047849007,0.013278548,0.44720832,0.027705556,0.086454265,0.009297296,0.9042485
-0.18427211,0.05462803,-0.0047835335,0.013099124,0.44751003,0.02739701,0.085691296,0.00916279,0.90514594
-0.18469982,0.05407466,-0.0047154576,0.013227566,0.4463146,0.027610868,0.086466886,0.009267577,0.9042655
-0.18421084,0.053911343,-0.004632402,0.0130860135,0.4471264,0.02736287,0.08575165,0.009152774,0.9050956
-0.18510778,0.05416037,-0.0047873,0.01280251,0.44662675,0.026883654,0.084721796,0.0089555355,0.90632266
-0.18512224,0.054213896,-0.004836764,0.012812722,0.44668943,0.026905252,0.08474541,0.008963393,0.90629125
-0.18507299,0.054605022,-0.004912041,0.012734793,0.44717064,0.026776457,0.08432029,0.00890353,0.9067762
-0.18653305,0.053348318,-0.004759785,0.01260651,0.44475403,0.026548557,0.08434868,0.008834786,0.90681654
-0.18599553,0.05263342,-0.004505139,0.01250512,0.44520232,0.026359428,0.08388099,0.008750515,0.9073685
-0.18453133,0.054560557,-0.0047969595,0.012769164,0.44768155,0.026826784,0.08435913,0.008919812,0.90672106
-0.18663196,0.053357974,-0.0047930814,0.012640243,0.44452128,0.026606165,0.08453264,0.008861631,0.9066057
-0.18679336,0.051655427,-0.0043813996,0.012306881,0.4439721,0.026009377,0.08336556,0.008616654,0.9080178
-0.18499306,0.052978054,-0.0044578984,0.012781442,0.4459841,0.026826272,0.08482305,0.008939513,0.9062374
-0.18561895,0.053553954,-0.0047327653,0.012511926,0.4461294,0.026376596,0.083686784,0.008747047,0.9075662
-0.18847294,0.051082984,-0.0044720247,0.012092797,0.44181514,0.025639206,0.08294559,0.008484304,0.9085701
-0.1877712,0.04975082,-0.0040245727,0.0119036315,0.44224733,0.025285691,0.08213308,0.008332392,0.9095346
-0.18779404,0.050844207,-0.0042697564,0.011680855,0.44321752,0.024904644,0.08097004,0.008163146,0.9108668
-0.18665388,0.05213155,-0.004542481,0.012232135,0.44438842,0.0258774,0.082964025,0.008556423,0.9084796
-0.1885192,0.050576344,-0.0043879785,0.0118095,0.4419752,0.025137229,0.08176018,0.0082720695,0.9099678
-0.18923691,0.050052896,-0.004306972,0.011217451,0.44202682,0.02409644,0.079267524,0.00783866,0.91289383
-0.18927082,0.049699083,-0.0042052716,0.011688066,0.44063765,0.024914958,0.081554405,0.008194188,0.91025144
-0.1895122,0.047975436,-0.003828574,0.011418623,0.43986383,0.024423625,0.08063622,0.007997574,0.9113662
-0.18911992,0.04894592,-0.00400177,0.0111737875,0.44137803,0.023997253,0.07925725,0.0078052417,0.91293746
-0.19203866,0.04787554,-0.0041293167,0.010662358,0.4382113,0.02310036,0.07767527,0.007465524,0.9148592
-0.18853696,0.04878916,-0.003976181,0.01153268,0.44131318,0.024625931,0.08080572,0.008066285,0.911128
-0.1890541,0.049441233,-0.0041661933,0.011322882,0.44142666,0.02426562,0.079866566,0.007915429,0.912218
-0.19117317,0.04842867,-0.004199676,0.01080726,0.43936044,0.023360575,0.07807139,0.0075610736,0.91436756
-0.1905512,0.048802987,-0.0042024553,0.010786125,0.44046828,0.023324477,0.077752315,0.007535366,0.9147123
-0.18859673,0.051138774,-0.004532881,0.011323487,0.44318917,0.024289161,0.079454966,0.007906367,0.9126386
-0.18945673,0.052029267,-0.0048710145,0.011092112,0.44330406,0.023903135,0.078404255,0.0077445447,0.91385114
-0.18641435,0.05444576,-0.005092047,0.012109275,0.44661832,0.025701143,0.08191475,0.008456929,0.90962833
-0.18662521,0.054536477,-0.005089786,0.01236714,0.44592357,0.026153587,0.08309422,0.008654482,0.9082513
-0.18717489,0.053802148,-0.0049309246,0.012048714,0.4454897,0.025596544,0.08191094,0.008425955,0.90966314
-0.18418421,0.055716768,-0.00501851,0.013069197,0.44842014,0.027362147,0.08533821,0.009137227,0.90552455
-0.18232651,0.058283344,-0.005468387,0.013449343,0.45180124,0.028039062,0.08601059,0.009383823,0.9046056
-0.18340568,0.058586374,-0.005663462,0.013622616,0.45034218,0.028351236,0.08695579,0.0095333075,0.90351087
-0.18402688,0.05562915,-0.0050033145,0.013874692,0.44724795,0.028743777,0.08869676,0.009739319,0.90156394
-0.18707126,0.049900547,-0.0038647465,0.013069927,0.4410312,0.027301943,0.08712501,0.009199564,0.9036754
-0.18661608,0.04760219,-0.0031957403,0.012495686,0.44100094,0.026266776,0.08492426,0.008762161,0.90631354
-0.18669926,0.048457876,-0.003515944,0.0122009395,0.44176614,0.025760375,0.08353088,0.008539315,0.90792984
-0.18720843,0.049654737,-0.004053209,0.01180062,0.44278434,0.025089167,0.0816138,0.008244364,0.9101418
-0.18658984,0.051492468,-0.0045021623,0.012038718,0.4443152,0.025527766,0.08221859,0.008410033,0.90937144
-0.18869632,0.050603166,-0.004521385,0.011627738,0.44205564,0.024818376,0.08098487,0.008137253,0.9108779
-0.18933854,0.050068155,-0.0044027083,0.011192034,0.44193095,0.024052212,0.079178065,0.007820649,0.9130013
-0.19378075,0.048075214,-0.0043532327,0.010031147,0.4377869,0.021989051,0.07491045,0.0070139337,0.91807556
-0.19336455,0.04758872,-0.0041669235,0.010082512,0.4379577,0.022075523,0.07512949,0.007047825,0.91782266
-0.19068879,0.04919471,-0.004213281,0.010829019,0.4404841,0.02340679,0.07791845,0.0075697238,0.91451186
-0.18877782,0.049177304,-0.004032694,0.011924962,0.44042766,0.025317943,0.08261315,0.00836546,0.9090214
-0.18755636,0.04890825,-0.0038389638,0.01184124,0.44195935,0.025158549,0.08197198,0.008282567,0.90974545
-0.1885161,0.0493467,-0.0040623806,0.011605822,0.4413879,0.024755167,0.081080824,0.008119973,0.9107992
-0.18922271,0.049466744,-0.0042470694,0.011202889,0.44156793,0.024059111,0.079322934,0.007827637,0.9128494
-0.19011514,0.049997106,-0.0044640005,0.010938982,0.4413964,0.023606585,0.07819417,0.007642004,0.9141639
-0.1889467,0.051106468,-0.004594248,0.011343368,0.44275728,0.024329446,0.07962136,0.007926954,0.9124517
-0.18949352,0.051398292,-0.0046951175,0.011169913,0.4426932,0.024033051,0.07887935,0.0078047877,0.9133159
-0.18893066,0.051512614,-0.004622381,0.01157028,0.44263092,0.024736049,0.08058501,0.0080975015,0.91131747
-0.18795264,0.05176522,-0.004546538,0.011735202,0.44369876,0.025021527,0.081057176,0.008205594,0.9107373
-0.18610308,0.054394737,-0.00497688,0.012014962,0.44713548,0.025531178,0.08143148,0.008381219,0.91018724
-0.18384859,0.057051554,-0.0053953826,0.013194018,0.44942933,0.027592618,0.08556357,0.009221959,0.9052145
-0.18418701,0.05698301,-0.0054166615,0.013094969,0.44931063,0.027431257,0.08519837,0.009154479,0.90564716
-0.18254606,0.05826153,-0.0054764934,0.013663345,0.4511722,0.028408775,0.08695602,0.009548329,0.90349567
-0.18341284,0.05783011,-0.005438544,0.013624628,0.44987303,0.028344134,0.087093234,0.009536525,0.9033702
-0.18438332,0.055649057,-0.004993193,0.013530145,0.44741237,0.028158516,0.087337054,0.009487529,0.9031755
-0.18315332,0.05520691,-0.0047063865,0.013624512,0.4484337,0.028297937,0.08751329,0.009535979,0.9029507
-0.18312246,0.055516258,-0.004804369,0.01368,0.4484433,0.028391836,0.08771485,0.009575913,0.90270925
-0.1821964,0.055545047,-0.0047904663,0.0140981255,0.448895,0.02909537,0.08921324,0.009870944,0.90091586
-0.18197954,0.055581287,-0.0047924668,0.014035369,0.44927406,0.028986497,0.08889585,0.009819512,0.9012847
-0.1838928,0.055203572,-0.004923042,0.0132108275,0.44811103,0.027592706,0.08598213,0.009238388,0.9047795
-0.18450022,0.054993764,-0.0049498715,0.013107204,0.4474318,0.027418494,0.08572291,0.009172092,0.905105
-0.18467905,0.05486323,-0.0049227066,0.012941081,0.44747263,0.027133742,0.08506494,0.009051059,0.90588397
-0.18547069,0.055009857,-0.0050255395,0.012600352,0.4472338,0.026554588,0.08375102,0.00880923,0.90743977
-0.18514152,0.05536975,-0.0050750934,0.012829596,0.44746673,0.026954226,0.084600344,0.008975054,0.9064246
-0.18559735,0.05362107,-0.004696071,0.01314151,0.44513488,0.027467815,0.086388424,0.009220314,0.9043913
-0.18468471,0.053014055,-0.004408926,0.012910644,0.44631398,0.027053028,0.08526294,0.009031558,0.9057055
-0.18458448,0.054114714,-0.004673861,0.012975691,0.44687313,0.027173981,0.08536242,0.009076311,0.90556127
-0.18420623,0.054646865,-0.0048473515,0.0131059885,0.4475407,0.027407223,0.08571354,0.009166214,0.90512025
-0.18513058,0.05424215,-0.0048479624,0.012879077,0.44655442,0.027019532,0.0850355,0.009013252,0.90595126
-0.1859521,0.05334951,-0.004706256,0.0126134185,0.44547886,0.026555931,0.084230706,0.008829768,0.9069395
-0.18461238,0.05434169,-0.004779406,0.012828174,0.44737685,0.026928551,0.08466288,0.008965873,0.90637124
-0.18495445,0.055249587,-0.0050478056,0.012767283,0.4476475,0.02683967,0.08432582,0.008924757,0.9067494
-0.18769014,0.052938476,-0.004800461,0.012291047,0.4437142,0.026007919,0.08329448,0.008618075,0.90808743
-0.18716562,0.05157675,-0.0043550245,0.012181508,0.44372684,0.025793811,0.08290375,0.008529103,0.9085672
-0.18347286,0.05417563,-0.0045602918,0.013241912,0.44781917,0.027622037,0.08621333,0.009255708,0.904531
-0.18503784,0.05442573,-0.004875768,0.012822248,0.4468322,0.026920669,0.0847477,0.008968475,0.9062838
-0.18587136,0.053625956,-0.004799474,0.012650506,0.44568926,0.026623845,0.084325105,0.008855623,0.9068193
-0.186367,0.05287887,-0.004630111,0.012431182,0.44500303,0.02623683,0.08361211,0.008700762,0.90768707
-0.18748686,0.05133106,-0.0043608025,0.012289126,0.44282055,0.025975354,0.083540946,0.008615433,0.9078436
-0.1860514,0.051399603,-0.004217107,0.012415142,0.44439164,0.026181811,0.08373844,0.008685407,0.9075762
-0.1883805,0.050604478,-0.0042981505,0.01178411,0.44214442,0.0250883,0.08162135,0.008250793,0.9101278
-0.18824892,0.050652042,-0.004347805,0.011574858,0.44286838,0.024725243,0.08059758,0.008091048,0.9113114
-0.185539,0.053086773,-0.004635159,0.012478213,0.44592544,0.026308462,0.083615035,0.008720757,0.9076642
-0.18507797,0.054481164,-0.0049613975,0.012596559,0.44726133,0.026533078,0.08375959,0.008799423,0.907441
-0.18637523,0.05488099,-0.00519019,0.012183816,0.44680488,0.025837004,0.08216263,0.0085116215,0.9093257
-0.1885344,0.052957907,-0.004911151,0.0119577525,0.4433663,0.025435474,0.081991784,0.008381187,0.909627
-0.18849716,0.050698176,-0.004282657,0.011924493,0.44203633,0.025345458,0.08221475,0.008359336,0.9094259
-0.18764772,0.050586596,-0.004111383,0.0119470265,0.4428145,0.025369298,0.082164995,0.008362113,0.90947294
-0.18613306,0.0515206,-0.00424191,0.012519552,0.44407213,0.026361251,0.08422334,0.008764906,0.90701175
-0.18488957,0.053380743,-0.0046352036,0.01249241,0.44694832,0.02633336,0.08345437,0.008719829,0.9078258
-0.18435627,0.055302158,-0.0050739013,0.01299608,0.4478839,0.027225856,0.08518568,0.009084873,0.9057295
-0.1843432,0.0557604,-0.005202513,0.012908113,0.44854757,0.0270886,0.084678546,0.009018412,0.90630305
-0.18486802,0.056330696,-0.00532737,0.01277841,0.44852722,0.026877765,0.08414256,0.008929992,0.90692747
-0.18670255,0.055177703,-0.0052078404,0.0123855295,0.44631356,0.026198998,0.08305869,0.008669177,0.90827215
-0.18594892,0.05538799,-0.0051229745,0.01237281,0.44748184,0.026175044,0.08276527,0.008646744,0.908588
-0.18220232,0.058574215,-0.005461246,0.013676175,0.45175666,0.0284302,0.08687178,0.00955112,0.90357715
-0.18125825,0.05950494,-0.0056250915,0.014433438,0.45226657,0.029724378,0.08956579,0.01009771,0.9003365
-0.1823,0.057439283,-0.005230993,0.014345796,0.4497822,0.029554594,0.08985909,0.010056286,0.9000846
-0.18113294,0.056523398,-0.004829038,0.014590074,0.45016187,0.029936418,0.090735435,0.010217487,0.8990471
-0.18267825,0.055825964,-0.004824199,0.013815071,0.44899884,0.02862386,0.08810103,0.009668349,0.9022306
-0.18202613,0.056481138,-0.0049737655,0.013978217,0.4499588,0.028905941,0.08849158,0.009776604,0.9017318
-0.18216641,0.057188526,-0.005194079,0.013818751,0.4505536,0.028648794,0.08772936,0.009658701,0.9026119
-0.18241495,0.057725325,-0.005363766,0.01379247,0.4506791,0.028616661,0.087576926,0.009642957,0.9027802
-0.18137482,0.058277622,-0.005376704,0.014296767,0.45150292,0.029473055,0.0892782,0.009999448,0.9007224
-0.18139209,0.05877079,-0.005469717,0.01410315,0.45218182,0.029154278,0.08838783,0.009854487,0.90175766
-0.18274036,0.058953837,-0.0056396276,0.013650321,0.45143473,0.028400024,0.08681908,0.00954135,0.90363955
-0.18337572,0.058040097,-0.0054718144,0.013743006,0.4499128,0.028551858,0.087525114,0.009624545,0.90285033
-0.18291672,0.056141987,-0.004930094,0.014177077,0.44843236,0.029252823,0.08957221,0.009944309,0.9004835
-0.18184602,0.055477276,-0.004619375,0.014209225,0.44918817,0.029281335,0.08956991,0.009948373,0.90048176
-0.18183035,0.0558023,-0.004742004,0.014168929,0.44935653,0.029212955,0.089372374,0.009916654,0.900711
-0.18232629,0.0556273,-0.004835967,0.013943026,0.4490382,0.028834138,0.088592194,0.009757057,0.9016508
-0.18362328,0.05483772,-0.004806794,0.013492071,0.4476954,0.028066222,0.08717798,0.009444865,0.9033772
-0.18383388,0.054641977,-0.004782222,0.013286138,0.44768846,0.027713219,0.086387955,0.009294689,0.9043174
-0.18447736,0.054476276,-0.0048098415,0.013099563,0.44709373,0.027395468,0.08578691,0.00916669,0.9050464
-0.1862013,0.053416863,-0.004745476,0.012485968,0.44545892,0.026338393,0.08371832,0.008738253,0.9075434
-0.18743362,0.05240561,-0.004616555,0.012090427,0.4440491,0.025647039,0.082431264,0.0084634945,0.9091053
-0.18693326,0.052134648,-0.004485987,0.012264012,0.44412205,0.025939826,0.08314136,0.008585994,0.9082726
-0.18537053,0.05263807,-0.004446231,0.012781266,0.4453339,0.026826475,0.08496785,0.00894659,0.90608555
-0.18666768,0.0517409,-0.0043964274,0.012387512,0.4438685,0.02614338,0.08371636,0.008674514,0.9076091
-0.1862875,0.051987782,-0.0044311658,0.012284821,0.44471905,0.02596607,0.08311741,0.008590373,0.90829223
-0.18665612,0.05258669,-0.0046282597,0.012182777,0.4448215,0.02579934,0.082654595,0.0085189035,0.90882653
-0.18636014,0.05310668,-0.0047444217,0.012283089,0.44539484,0.025981389,0.08292535,0.008588525,0.90848607
-0.18883294,0.051099196,-0.0045083836,0.011829389,0.4419294,0.025183184,0.081827156,0.008291781,0.90988106
-0.1882815,0.050110236,-0.0041684136,0.0117330495,0.4422015,0.024996921,0.081413314,0.008211857,0.9103748
-0.18705596,0.051715508,-0.0044053122,0.011899721,0.44430166,0.02529534,0.08163071,0.008314375,0.9100549
-0.18736719,0.052323595,-0.004652355,0.012024606,0.44408074,0.02552624,0.0821626,0.008412306,0.9094251
-0.18585947,0.053516403,-0.0047950856,0.012300612,0.44629037,0.026014846,0.08280035,0.008592577,0.9086071
-0.18527524,0.055305496,-0.0051392354,0.012516382,0.44775403,0.026409177,0.08330159,0.008741774,0.90795666
-0.18564455,0.05514826,-0.0051406026,0.0127648525,0.4467846,0.026843267,0.08449152,0.008935298,0.9065732
-0.18452142,0.055784002,-0.005125623,0.012781005,0.44867247,0.02687359,0.084146164,0.008927031,0.9069268
-0.18446562,0.05708827,-0.0053890757,0.012959092,0.4491985,0.027196774,0.08468574,0.009057599,0.9062567
-0.18638298,0.05513622,-0.0051368624,0.012740321,0.4460267,0.026811458,0.08454118,0.008930764,0.9065281
-0.18311945,0.05518152,-0.0047363713,0.013691864,0.4483563,0.028413314,0.08778911,0.009585711,0.9026252
-0.18344738,0.054785743,-0.0046667233,0.013677365,0.44754073,0.028378204,0.087926954,0.009581152,0.9024919
-0.18508036,0.052917495,-0.004452396,0.013117285,0.44531327,0.027408447,0.08629094,0.009193712,0.9045153
-0.18360956,0.05328025,-0.004390832,0.013368032,0.4468605,0.027827237,0.086942814,0.009354086,0.90370315
-0.18504022,0.053196207,-0.0045669153,0.0128426915,0.44593608,0.026935536,0.08506771,0.008985681,0.9059466
-0.18580748,0.053176776,-0.004692003,0.012473454,0.44574833,0.026307514,0.08362391,0.008721935,0.90765417
-0.18490821,0.054076806,-0.0048056617,0.012832917,0.4467612,0.026933692,0.08482013,0.008974624,0.90620524
-0.18582107,0.054554,-0.005022403,0.01230371,0.4470374,0.026035562,0.082618386,0.008592827,0.9087888
-0.18688579,0.054829374,-0.0051811114,0.01214139,0.44624853,0.02576734,0.08209927,0.008488805,0.9094119
-0.18575358,0.05458881,-0.004970249,0.012773322,0.44632286,0.02685232,0.08464115,0.008944879,0.9064139
-0.18621702,0.05350198,-0.0047032945,0.012545549,0.4454557,0.026445253,0.08395213,0.008783729,0.9072642
-0.18463978,0.054427043,-0.004744116,0.012916688,0.44725928,0.027083093,0.08503181,0.00903303,0.90593517
-0.18179959,0.057390824,-0.0051975846,0.013724105,0.45127958,0.028485484,0.087212205,0.009580525,0.9032073
-0.184489,0.056325212,-0.005271256,0.013377646,0.44784003,0.027903581,0.08663302,0.009372848,0.90399414
-0.18465458,0.054143086,-0.0047336854,0.013279415,0.44649875,0.027707834,0.08662278,0.009306098,0.9040711
-0.18419528,0.053991094,-0.004567232,0.013177845,0.44701606,0.027520072,0.08613072,0.009221639,0.9046476
-0.1840294,0.05466093,-0.004756421,0.013179917,0.44761175,0.027530858,0.08598849,0.00921873,0.9047928
-0.18511745,0.054612413,-0.004912801,0.012769889,0.44704404,0.026837165,0.08448523,0.008930652,0.9065841
-0.18423007,0.05566217,-0.0050760396,0.012991375,0.44846383,0.02722829,0.085027196,0.009079423,0.9058934
-0.18396366,0.056013837,-0.005124714,0.013343221,0.44836688,0.027835086,0.08640592,0.009337886,0.90425617
-0.1810628,0.0583532,-0.0053720884,0.013933971,0.45258385,0.02885592,0.0876908,0.00972203,0.9025872
-0.18380788,0.05780746,-0.005512785,0.013580949,0.44932425,0.0282685,0.087043524,0.009510661,0.90344584
-0.1854585,0.055604115,-0.0051482283,0.012775131,0.44752723,0.026874334,0.08435435,0.008940127,0.9067055
-0.18240014,0.05737932,-0.005158372,0.013778802,0.45052803,0.028587658,0.08757008,0.009633775,0.9027961
-0.18146873,0.058190778,-0.005298607,0.014307421,0.45129073,0.029488914,0.08936645,0.010009722,0.9006238
-0.18039432,0.059178427,-0.0054472014,0.014498163,0.4530406,0.029820044,0.089659095,0.010129508,0.9002114
-0.18269292,0.05755706,-0.005303029,0.014216657,0.44948968,0.029337494,0.0894343,0.009966706,0.900599
-0.18288696,0.05521585,-0.0047389828,0.01401331,0.44812405,0.028959505,0.08906273,0.009822142,0.9011152
-0.18396631,0.053736463,-0.0044494197,0.013520139,0.44650728,0.028099306,0.08758239,0.0094748065,0.90294284
-0.18367733,0.0531428,-0.0043327585,0.013563008,0.4463323,0.028158301,0.087816164,0.009501947,0.9026818
-0.18610641,0.052123204,-0.004395943,0.012413384,0.44478175,0.026189025,0.08362122,0.008683905,0.9076949
-0.18502457,0.052869692,-0.00450591,0.012913638,0.44560775,0.027052952,0.085431606,0.009039072,0.9055293
-0.18543912,0.052537933,-0.0045007057,0.012715676,0.44528055,0.026712196,0.0847223,0.008898247,0.90637946
-0.1872726,0.051521316,-0.0044484735,0.012112102,0.44350982,0.025667015,0.082671106,0.00847778,0.90885115
-0.18828058,0.050510064,-0.004307449,0.011796128,0.44225368,0.025110364,0.08165236,0.008258332,0.9100893
-0.18882869,0.050911203,-0.004463572,0.011229807,0.44304973,0.024125736,0.07908899,0.007840288,0.91307074
-0.18805438,0.052143708,-0.0046773404,0.011813386,0.44353622,0.02516032,0.081402205,0.008265086,0.9103327
-0.18633504,0.05325736,-0.00478087,0.012133866,0.44588378,0.02572604,0.08221183,0.008475924,0.9093123
-0.18606646,0.054374114,-0.0049829334,0.012413255,0.4463398,0.026222965,0.08320856,0.008679534,0.9081119
-0.18588285,0.054271355,-0.00494314,0.012571278,0.44628966,0.0264977,0.08385632,0.008795486,0.9073482
-0.18786247,0.05215074,-0.0045984834,0.012184008,0.44318047,0.025810853,0.082998276,0.008541675,0.9084601
-0.18843462,0.049757376,-0.0040460303,0.012007282,0.44124117,0.025472553,0.082761705,0.008421855,0.90881646
-0.18728167,0.049884096,-0.003934916,0.011991553,0.44265872,0.025431935,0.08241426,0.008390227,0.90919554
-0.18701781,0.05077173,-0.0041954108,0.012130775,0.44318146,0.025681535,0.08285033,0.008488521,0.9086611
-0.18645047,0.051165715,-0.004309766,0.0123148905,0.4438316,0.026005156,0.08345713,0.0086164605,0.9079264
-0.18848825,0.05024673,-0.004316896,0.01164138,0.4420791,0.02483555,0.08105183,0.008145179,0.910803
-0.18754257,0.050865784,-0.0043551214,0.011846658,0.44324666,0.025195941,0.081655145,0.008283316,0.91006154
-0.1896744,0.050218716,-0.004426703,0.011214594,0.44151866,0.024094624,0.07934798,0.007842801,0.9128092
-0.18877952,0.051329866,-0.0045988075,0.011258877,0.44333267,0.024183132,0.07914102,0.007860632,0.9129984
-0.1889672,0.052495614,-0.0048794933,0.011324882,0.44372034,0.0243167,0.07929711,0.007911668,0.91279125
-0.18685265,0.0538906,-0.004978612,0.012082568,0.44578594,0.02565114,0.08199168,0.0084453,0.90956306
-0.18407619,0.05612351,-0.005177699,0.012962,0.44901806,0.02718337,0.084779285,0.009053881,0.90616685
-0.18482552,0.05657412,-0.005353775,0.012884945,0.44855464,0.027065348,0.08454634,0.009008993,0.90644467
-0.18367387,0.057315364,-0.0053880326,0.013251574,0.44989556,0.027700586,0.08567439,0.009262325,0.9050633
-0.18309142,0.05804409,-0.005456928,0.013561263,0.45052975,0.02823596,0.08670645,0.00948264,0.9038109
-0.18348737,0.0569209,-0.005219307,0.013798038,0.44886976,0.028626334,0.08800594,0.0096694855,0.90232456
-0.18281268,0.056038514,-0.004898943,0.013829487,0.44908231,0.02865904,0.0881237,0.009681788,0.9021945
-0.1821145,0.056136027,-0.0048453547,0.014154546,0.44931328,0.029199664,0.08930845,0.009911173,0.9007804
-0.18297037,0.055361286,-0.004801117,0.0137507,0.44844723,0.028510792,0.08799156,0.009626122,0.9023823
-0.18405071,0.053974763,-0.004607357,0.013549587,0.44648612,0.028154455,0.08769108,0.009497553,0.90281135
-0.18371835,0.053426757,-0.0044463202,0.013378458,0.4468423,0.027850147,0.086978875,0.009363769,0.9036574
-0.18468955,0.05368401,-0.004629437,0.012884577,0.44664168,0.027012656,0.08506823,0.009010275,0.90592146
-0.18441921,0.054663077,-0.0048886538,0.012920524,0.44760296,0.027089337,0.084970675,0.009030764,0.9059986
-0.1858032,0.054488912,-0.0050024427,0.012546138,0.44652712,0.026454687,0.08370013,0.0087746335,0.90752524
-0.18506052,0.05556692,-0.0051638596,0.012552543,0.44824016,0.026478147,0.08333452,0.008765172,0.90790033
-0.18389581,0.057167187,-0.0053886287,0.013203656,0.44949356,0.027613554,0.08558016,0.009230279,0.9051896
-0.18369879,0.05748643,-0.005438376,0.013266818,0.4499514,0.027729804,0.085714266,0.009273912,0.90501183
-0.18363635,0.057504192,-0.005385082,0.01346819,0.44966453,0.028073782,0.08654995,0.009423948,0.90402615
-0.18401809,0.056393996,-0.005133707,0.0134817045,0.44844425,0.028083626,0.08690274,0.009443141,0.90365416
-0.18247463,0.05605252,-0.004864048,0.014059516,0.44906056,0.029044636,0.089003205,0.0098474445,0.90114933
-0.18123569,0.056981698,-0.004966665,0.01419181,0.45094487,0.029269315,0.08906583,0.009920586,0.90101355
-0.18072812,0.058638886,-0.005366124,0.0143421935,0.45240253,0.029545596,0.089245,0.0100199655,0.900735
-0.18193252,0.058339015,-0.0054646544,0.014161182,0.45106775,0.029249694,0.088858984,0.009908734,0.9012323
-0.18264742,0.05659373,-0.005094044,0.014128096,0.44910195,0.029173344,0.089227535,0.009900952,0.90087146
-0.18291599,0.055861965,-0.004884176,0.013626338,0.44914892,0.028309148,0.087342896,0.00953156,0.9031256
-0.18164164,0.05793865,-0.0052570254,0.013866301,0.45162567,0.028735695,0.087653294,0.009683388,0.9026633
-0.18382666,0.0571952,-0.0053674467,0.01354901,0.4489918,0.028206069,0.08701639,0.009488145,0.9034955
-0.18323122,0.05626656,-0.005062621,0.013647687,0.44905508,0.02835866,0.08742273,0.009552847,0.90302444
-0.1817901,0.057089403,-0.0050559267,0.014097144,0.45049295,0.029116595,0.08879858,0.009860432,0.901341
-0.1823292,0.0564626,-0.00500381,0.014157404,0.44926488,0.029213134,0.0893137,0.009916703,0.9007696
-0.18387683,0.054659024,-0.0047394596,0.013485433,0.44736198,0.028057596,0.08722563,0.009445465,0.9033289
-0.18425408,0.05460812,-0.0047515295,0.0130577665,0.44759625,0.027325133,0.08551202,0.009131606,0.9053564
-0.18520616,0.054039136,-0.0047516264,0.013028574,0.446033,0.027273374,0.08574236,0.009127453,0.9051302
-0.18379012,0.05374612,-0.004549291,0.013425778,0.4469083,0.02793822,0.087133475,0.009400095,0.9034664
-0.1842293,0.05392672,-0.0046296977,0.013075563,0.44704494,0.027341612,0.08572927,0.009145013,0.90512574
-0.18641573,0.05342187,-0.0047848783,0.012313732,0.4454816,0.026039587,0.0830179,0.00861226,0.9083699
-0.18457107,0.054770246,-0.0049186014,0.012866005,0.44764423,0.027000546,0.08473967,0.00899266,0.90626764
-0.18476185,0.055452958,-0.005093757,0.012861303,0.44786906,0.027004475,0.084644236,0.008991548,0.9063642
-0.18579146,0.055013075,-0.0050913654,0.0125980815,0.4468701,0.02655516,0.08381322,0.008813076,0.9073737
-0.18320271,0.05696644,-0.0052510127,0.013236591,0.45022625,0.027662642,0.08556786,0.009242829,0.90518934
-0.18416345,0.056908384,-0.005324945,0.013397061,0.44863468,0.027943714,0.086516865,0.009380856,0.90410227
-0.18444864,0.05573596,-0.0050646253,0.013134502,0.44812763,0.027483419,0.085647225,0.00919139,0.9051613
-0.18285303,0.05646409,-0.0050151907,0.013750909,0.4493593,0.028528536,0.08774962,0.009622646,0.90262777
-0.18349853,0.055480972,-0.004881013,0.013710252,0.44795787,0.02844971,0.087931216,0.009605736,0.9024631
-0.18361811,0.054606453,-0.004685428,0.013501871,0.44760355,0.02808149,0.087242655,0.009453061,0.9033043
-0.18127537,0.05700399,-0.0050249174,0.01391431,0.45133698,0.02879737,0.08794078,0.009713424,0.9023458
-0.18184333,0.058755532,-0.005564913,0.013865855,0.45187995,0.02874964,0.08756258,0.0096849995,0.9027524
-0.18227933,0.05882676,-0.005650196,0.013903227,0.45146766,0.028825626,0.087779716,0.00972161,0.90249866
-0.18316858,0.05728163,-0.0053036325,0.013906209,0.449328,0.028814051,0.0883056,0.0097437985,0.9019506
-0.18372345,0.05632986,-0.005066119,0.013297953,0.4491316,0.027765805,0.086052954,0.009300138,0.90464693
-0.18393706,0.055733576,-0.00493354,0.013658781,0.44766364,0.028369281,0.08778183,0.009575315,0.9026429
-0.18453045,0.05355622,-0.004504893,0.01338471,0.44603217,0.02787518,0.08715867,0.009384052,0.9034573
-0.18519968,0.052021995,-0.0041955933,0.013099855,0.4445715,0.027363777,0.08641697,0.009184329,0.9043987
-0.18362613,0.05240287,-0.004172493,0.013413241,0.44612092,0.027888497,0.087315,0.009389506,0.9032955
-0.18420021,0.052394167,-0.0043045133,0.01324679,0.44562066,0.027606608,0.08677048,0.009274621,0.90395486
-0.1864836,0.05157377,-0.0044090822,0.01220934,0.44429553,0.025829092,0.08291406,0.008537182,0.9085488
-0.18688318,0.052667394,-0.0047239326,0.011889429,0.44517797,0.02529109,0.08137554,0.008301882,0.9103226
-0.18834265,0.052685156,-0.004888296,0.011668834,0.44388944,0.024919672,0.08070516,0.008160125,0.9111347
-0.1873254,0.052736416,-0.0047529414,0.012028489,0.4445409,0.02554418,0.08206505,0.008414295,0.9095207
-0.18916689,0.05157937,-0.0046152323,0.011483617,0.4426049,0.024587503,0.08021974,0.008036243,0.91174406
-0.18681878,0.052727595,-0.004621096,0.01209584,0.44501364,0.025655596,0.08224952,0.008456737,0.9092938
-0.18659545,0.053110257,-0.0046930276,0.012375107,0.44492713,0.02614264,0.08339097,0.008662129,0.90794694
-0.18277322,0.056136385,-0.0050439015,0.01318698,0.45022595,0.027557814,0.08541701,0.009198684,0.9053843
-0.18396638,0.05745329,-0.005490139,0.013199796,0.44951913,0.027608909,0.08554971,0.009227842,0.9052225
-0.18199937,0.058718935,-0.0056038685,0.013750915,0.45205125,0.028563026,0.08708753,0.009602508,0.90331
-0.18246189,0.059264734,-0.0057007894,0.013840649,0.45162457,0.028726177,0.08748981,0.0096779205,0.90283227
-0.18428154,0.057376042,-0.005413901,0.013418434,0.44894737,0.027996205,0.0865068,0.009399168,0.90409404
-0.18394874,0.055735245,-0.0049164034,0.0136420885,0.44782996,0.028347038,0.0876776,0.0095636025,0.9027588
-0.18391031,0.054250494,-0.004535906,0.013625383,0.44681817,0.028289853,0.08789731,0.009552407,0.90255034
-0.18241015,0.054367676,-0.0044447705,0.013979269,0.44803685,0.02887498,0.08899886,0.009788345,0.9012128
-0.18349765,0.05371417,-0.0044780634,0.01361879,0.44680363,0.028259749,0.087908246,0.009539266,0.9025525
-0.18265417,0.053737536,-0.004454989,0.01382988,0.44748932,0.028611645,0.08857769,0.009681074,0.90174127
-0.18561244,0.052692667,-0.004540149,0.0125843845,0.44540042,0.026488291,0.08416443,0.008802491,0.9070331
-0.18601324,0.052604094,-0.0045811795,0.01252467,0.44497085,0.02638795,0.08401341,0.008764702,0.9072219
-0.18716834,0.052551642,-0.0046943575,0.01187514,0.4448571,0.025269626,0.08138093,0.008296423,0.91032267
-0.18709193,0.05389251,-0.004997354,0.011885019,0.44582343,0.025305403,0.081174366,0.00830066,0.910525
-0.18734954,0.05384089,-0.0050040334,0.012128856,0.44504037,0.025735302,0.082329266,0.008488655,0.9091821
-0.18763588,0.052092686,-0.0045663305,0.0122471005,0.4433379,0.025919413,0.083227046,0.008585504,0.90818745
-0.18566056,0.05238773,-0.0043678395,0.012569995,0.44528395,0.026462656,0.08413888,0.008793844,0.9070673
-0.1864474,0.052537456,-0.004515413,0.0123956455,0.44463408,0.026165938,0.0835606,0.008675825,0.9077636
-0.18580677,0.052674904,-0.004540108,0.012579369,0.44522384,0.026483577,0.084177904,0.008802436,0.9070197
-0.18650192,0.052154317,-0.0044901296,0.012425746,0.44428104,0.026214758,0.08377026,0.008699746,0.90753
-0.18650995,0.05192603,-0.0044418797,0.012301701,0.44438022,0.025996948,0.083255805,0.008606987,0.9081372
-0.18690126,0.05161144,-0.004407972,0.012285164,0.4436714,0.025965221,0.08334507,0.008601585,0.90805334
-0.18726768,0.051526323,-0.0044410713,0.011920105,0.4439368,0.02533321,0.08179311,0.008333391,0.90987355
-0.18825577,0.05191423,-0.004643567,0.011598156,0.44361055,0.024782516,0.080497436,0.008106804,0.9113958
-0.18703064,0.053116694,-0.0048146583,0.011977466,0.44520807,0.02545592,0.08170937,0.008370256,0.9099204
-0.18691304,0.052818075,-0.0047081187,0.012402873,0.444292,0.026190259,0.083643556,0.008688703,0.9076677
-0.18805002,0.050961033,-0.004354533,0.011930407,0.442666,0.025353063,0.08210692,0.008355437,0.9095376
-0.18720756,0.0512643,-0.004298657,0.012040343,0.4435882,0.025537651,0.08237007,0.00842354,0.9092064
-0.18686928,0.05218567,-0.0045256726,0.012058531,0.44455308,0.025579104,0.08221507,0.008429876,0.90935504
-0.18701269,0.052312627,-0.004609186,0.012209861,0.44417325,0.02584688,0.082904845,0.008545785,0.90854937
-0.18699113,0.052034512,-0.004537124,0.012127979,0.4442327,0.025702141,0.08256821,0.008484409,0.9089474
-0.18628123,0.052559152,-0.0045643,0.012383998,0.44490117,0.02614622,0.08345891,0.008663932,0.90787715
-0.18613994,0.053294316,-0.004741121,0.0122504,0.4458604,0.025925148,0.08269182,0.008560055,0.90874815
-0.18577622,0.054739848,-0.0050552636,0.01235221,0.4470876,0.02612081,0.082797326,0.008628121,0.9085746
-0.18706746,0.054512754,-0.005136326,0.012139004,0.4458342,0.02576097,0.0821843,0.0084905485,0.9093251
-0.18598208,0.05418791,-0.004893087,0.0126608,0.4459884,0.026653832,0.08427715,0.008864988,0.90685785
-0.18488368,0.054176465,-0.0047237314,0.012970711,0.44671175,0.027175725,0.08536676,0.0090783425,0.9055549
-0.18526894,0.053816095,-0.004682649,0.01287484,0.446123,0.027006682,0.085124254,0.009013637,0.9058621
-0.18699448,0.051914826,-0.0044344366,0.01246213,0.44351614,0.026281092,0.08407896,0.008736501,0.9071846
-0.1851488,0.052232638,-0.004306238,0.012753248,0.44542724,0.026771046,0.08485451,0.008922419,0.90622306
-0.18633674,0.05179967,-0.0043600164,0.012564273,0.44390613,0.026444525,0.08442528,0.008801479,0.9067732
-0.18571095,0.051756397,-0.004331447,0.0125402855,0.444772,0.026400127,0.08415462,0.008772552,0.90707284
-0.18696393,0.05177118,-0.00447065,0.012108483,0.444012,0.02565952,0.08254763,0.008469349,0.90898305
-0.18903227,0.050491706,-0.004414391,0.011548959,0.4418249,0.024683535,0.08069827,0.008084294,0.9112174
-0.18836437,0.05057682,-0.004335776,0.011601283,0.44261447,0.024771253,0.08076139,0.008112928,0.91112566
-0.18793437,0.051342145,-0.0044625364,0.011747563,0.44329253,0.025032613,0.08121087,0.008214792,0.9105744
-0.18776555,0.052060857,-0.0046432875,0.011715857,0.44409445,0.024988018,0.08088944,0.008187133,0.9109234
-0.18781407,0.052594557,-0.004769802,0.01180657,0.44421804,0.025155542,0.081218846,0.008255475,0.91052574
-0.18682319,0.05272986,-0.004678555,0.012294795,0.4445833,0.026001476,0.08314916,0.008606049,0.9082448
-0.18660739,0.053098217,-0.0047179833,0.012100018,0.44550496,0.025666416,0.08215423,0.008455589,0.9093902
-0.18579797,0.054141775,-0.0048737414,0.012574345,0.44621214,0.02649632,0.083892904,0.008796372,0.9073107
-0.18532534,0.05476381,-0.004990749,0.012562793,0.44733235,0.026485315,0.08359245,0.008778677,0.90762883
-0.18423155,0.056618705,-0.0052991137,0.012894671,0.44928515,0.027076297,0.084437795,0.009005524,0.9065567
-0.18378748,0.057155028,-0.0053806417,0.013411877,0.4492755,0.027971217,0.08643129,0.00938452,0.9041842
-0.18380108,0.05640234,-0.005165849,0.0134217255,0.44881406,0.027979009,0.08659592,0.009393746,0.90401036
-0.18372102,0.055938378,-0.0049954094,0.013492211,0.44842008,0.02808851,0.08697259,0.009445931,0.90358144
-0.1863275,0.05285491,-0.0045388453,0.012962227,0.44407165,0.027154699,0.0859306,0.00910017,0.9049693
-0.1854641,0.051300183,-0.004047986,0.012891087,0.4442264,0.02699926,0.08568908,0.009033541,0.9052774
-0.18481609,0.051634684,-0.004084997,0.01303546,0.44477078,0.027238214,0.08614446,0.009129021,0.9047265
-0.18439865,0.052891865,-0.0044504516,0.01278632,0.44661555,0.02682715,0.084721774,0.008932232,0.90634596
-0.18493366,0.053871885,-0.0048022196,0.012835884,0.44648185,0.026932178,0.084901676,0.00897707,0.90612125
-0.18609148,0.053365245,-0.00482437,0.012388534,0.44571215,0.02616729,0.08327867,0.00866258,0.90805876
-0.18679346,0.05384673,-0.004963994,0.011977506,0.44600177,0.025464986,0.08152201,0.008365289,0.9101127
-0.1864323,0.05498852,-0.0051731244,0.012205014,0.4467805,0.025876133,0.08224777,0.008528642,0.9092236
-0.18614818,0.055593267,-0.005266156,0.01233186,0.44737417,0.026106542,0.08261502,0.008618538,0.90876645
-0.18581995,0.056036845,-0.005291607,0.012534463,0.4477106,0.026462736,0.08334219,0.0087646935,0.9078931
-0.18297662,0.057089344,-0.00521262,0.01373746,0.44970775,0.028519936,0.08759461,0.009613955,0.90279144
-0.18371592,0.055603042,-0.00492315,0.013719717,0.44779494,0.028471656,0.08799373,0.009616977,0.90238935
-0.18283267,0.054826513,-0.004628081,0.013859479,0.44810557,0.028687017,0.08850284,0.009706126,0.90179104
-0.18473792,0.05356349,-0.004538346,0.013154063,0.44606817,0.02747664,0.08625196,0.009214177,0.90453386
-0.18445762,0.053122416,-0.0044511817,0.013189935,0.44604948,0.027528943,0.08641844,0.009236376,0.90434515
-0.18470532,0.052819625,-0.0044301115,0.013052798,0.4457402,0.02728932,0.085957415,0.009138114,0.9049045
-0.18561661,0.05249192,-0.0044808127,0.012613425,0.4452223,0.026536021,0.08432554,0.008824777,0.9068497
-0.18707511,0.051589265,-0.004438188,0.012248016,0.443522,0.0259024,0.083223715,0.00857659,0.90819967
-0.18748133,0.051108256,-0.0043652914,0.011927961,0.44338226,0.025342932,0.081952944,0.00834348,0.9097036
-0.18883184,0.050448194,-0.004342396,0.011608785,0.44188577,0.024784602,0.08094166,0.0081262905,0.91093206
-0.18897696,0.050055876,-0.0042752884,0.011444258,0.44184288,0.02449321,0.08026998,0.008005323,0.91172475
-0.18606934,0.05284597,-0.004631005,0.012074149,0.44594023,0.025608713,0.081978865,0.008426983,0.9095941
-0.18728593,0.053600445,-0.004976183,0.012009159,0.44506618,0.025517592,0.08184863,0.008397339,0.90975404
-0.18651654,0.05372025,-0.004920244,0.012251908,0.44577286,0.025941748,0.082692675,0.008567093,0.9087402
-0.18668099,0.053630725,-0.004843682,0.01230307,0.44536507,0.026028374,0.08298606,0.008608743,0.90840524
-0.18605389,0.05384554,-0.004811477,0.012438261,0.4460523,0.026261713,0.08338692,0.008699394,0.9079136
-0.18653435,0.053647652,-0.004801657,0.012380956,0.44541097,0.026162509,0.083291925,0.008664926,0.90804315
-0.18537511,0.05385019,-0.004729703,0.012775317,0.44623902,0.026838342,0.08470217,0.008940703,0.9063571
-0.18502176,0.054248586,-0.0047847107,0.012807219,0.44685328,0.026894942,0.084688425,0.00895769,0.9063539
-0.18483034,0.05408086,-0.004744157,0.013118503,0.44636533,0.027425481,0.086027585,0.009188005,0.9047844
-0.1847369,0.053275004,-0.004542824,0.013092223,0.44601595,0.027367873,0.08603242,0.009167854,0.9047997
-0.18677764,0.052121416,-0.0044727325,0.012267555,0.44425997,0.025942933,0.083130434,0.008585866,0.90828365
-0.18554649,0.05312337,-0.0046023354,0.0125335185,0.44591814,0.026407722,0.08383445,0.008762817,0.90740275
-0.18682455,0.052710786,-0.004664045,0.012314636,0.44447154,0.026033288,0.083254986,0.00862091,0.9081241
-0.18603106,0.05277182,-0.0045967437,0.012438139,0.4453188,0.02624393,0.08358321,0.008700136,0.90771663
-0.18615484,0.053365007,-0.004733756,0.012336943,0.44570634,0.026076,0.08307081,0.008625307,0.9083039
-0.18618242,0.053571597,-0.004803788,0.01245264,0.44561285,0.026281532,0.08354744,0.008712409,0.9077401
-0.18602893,0.05359997,-0.004782565,0.012455211,0.44585657,0.026286425,0.08350674,0.008711814,0.9077815
-0.1858982,0.054262295,-0.0049112737,0.012389754,0.44658613,0.026181215,0.08306769,0.008659463,0.90827286
-0.18503681,0.055213943,-0.0050483085,0.012811943,0.44748026,0.026918799,0.0845367,0.008959926,0.9065033
-0.18548192,0.054484025,-0.0049143173,0.012871542,0.44636303,0.02701602,0.08503008,0.009013881,0.9059561
-0.18486834,0.054084435,-0.004719097,0.012977338,0.44666618,0.027186176,0.08540637,0.009083111,0.90551054
-0.18542896,0.05392064,-0.004728928,0.01272424,0.44628283,0.026750073,0.08448725,0.008903201,0.90660954
-0.18413933,0.05473925,-0.004815925,0.01315656,0.44761348,0.02749519,0.08589168,0.009203088,0.9049052
-0.18382314,0.055538908,-0.0049924143,0.013175201,0.4485126,0.027537111,0.0857449,0.0092099905,0.9050451
-0.18439628,0.055700317,-0.0051025636,0.013091494,0.44808084,0.027402168,0.08549616,0.009157424,0.90534645
-0.18397318,0.05574347,-0.005056061,0.013272504,0.44834718,0.027711393,0.0861461,0.009285603,0.9045683
-0.1842179,0.05544819,-0.004982922,0.013232268,0.44790527,0.027639166,0.0860931,0.009260478,0.9046464
-0.18440963,0.05538656,-0.004979126,0.013047788,0.4479847,0.02732361,0.08535655,0.009125763,0.9055177
-0.18517493,0.054865733,-0.004932694,0.01295446,0.4468359,0.027161129,0.08524539,0.009070267,0.90568435
-0.18347405,0.05537583,-0.004875321,0.013412283,0.4484707,0.027939843,0.08668104,0.009381951,0.90393704
-0.18335958,0.055877224,-0.004984271,0.013485037,0.44875097,0.02806841,0.08688375,0.00943336,0.9036829
-0.1831728,0.056077614,-0.0050407015,0.013559768,0.4490189,0.028199377,0.08710655,0.009485524,0.90340793
-0.1846369,0.054707304,-0.00486286,0.013277604,0.44678348,0.027708538,0.086534746,0.009303202,0.9041621
-0.18434718,0.054363623,-0.0047278665,0.013038971,0.44739297,0.027291873,0.08548936,0.009119563,0.9053911
-0.18348268,0.0559652,-0.0050190054,0.013243104,0.44907078,0.027655479,0.08587745,0.00925412,0.9048684
-0.18406154,0.056205884,-0.0051864907,0.01324773,0.44855192,0.027675495,0.0859877,0.00926776,0.90474457
-0.18337817,0.056453362,-0.005161077,0.013429409,0.44930807,0.027986966,0.0865248,0.009391233,0.904084
-0.18407178,0.05620064,-0.0051397868,0.0132842995,0.44851074,0.027739402,0.086136796,0.009295761,0.9045675
-0.18352051,0.05588688,-0.004998654,0.013566109,0.44849372,0.02821216,0.08724577,0.009497441,0.9032568
-0.18327983,0.056050792,-0.004995715,0.013450845,0.44910094,0.028014662,0.086669244,0.009406335,0.9039244
-0.18467136,0.055096045,-0.0049267933,0.013258564,0.44703367,0.027681883,0.08639055,0.009289123,0.9043203
